name,date,Geo_Location,country,Host,Tissue_Specimen_Source
MF984344.1,2015,Austria,Austria,Accipiter gentilis,brain
MF984345.1,2015,Austria,Austria,Falco,brain
MF984349.1,2016,Austria,Austria,Equus caballus,blood
MF984350.1,2016,Austria,Austria,Equus caballus,brain
MF984351.1,2016,Austria,Austria,Culex pipiens,
MF984352.1,2016,Austria,Austria,Culex pipiens,
MF984337.1,2015,Austria,Austria,Homo sapiens,blood
MF984338.1,2015,Austria,Austria,Homo sapiens,blood
MF984339.1,2015,Austria,Austria,Homo sapiens,blood
MF984340.1,2015,Austria,Austria,Homo sapiens,blood
MF984341.1,2015,Austria,Austria,Homo sapiens,blood
MF984342.1,2015,Austria,Austria,Homo sapiens,blood
MF984343.1,2015,Austria,Austria,Homo sapiens,urine
MF984346.1,2016,Austria,Austria,Homo sapiens,blood
MF984347.1,2016,Austria,Austria,Homo sapiens,blood
MF984348.1,2016,Austria,Austria,Homo sapiens,blood
KP780837.1,2008/08/29,Austria,Austria,Nestor notabilis,
KP780838.1,2009/09/16,Austria,Austria,Nestor notabilis,
KP780839.1,2011/03/14,Austria,Austria,Nestor notabilis,
KP780840.1,2014/08/21,Austria,Austria,Nestor notabilis,
KP109691.1,2014,Austria,Austria,Homo sapiens,
KP109692.1,2014,Austria,Austria,Culex pipiens,
KM659876.1,2014,Austria,Austria,Homo sapiens,blood
KF179640.1,2008,Austria,Austria,Accipiter gentilis,
MH021189.1,2017/10/01,Belgium,Belgium,Homo sapiens,
MT341472.1,2018/08/01,Bulgaria,Bulgaria,Culex,
KU206781.1,2015/08/27,Bulgaria,Bulgaria,Homo sapiens,
DQ318020.1,1982,Central African Republic,Central African Republic,,
GQ903680.1,1968,Cyprus,Cyprus,,
KM203860.1,2013/08/08,"Czech Republic: South Moravia, Novy fishpond at Mikulov",Czech Republic,Culex modestus,
KM203861.1,2013/08/08,"Czech Republic: South Moravia, Nesyt fishpond at Mikulov",Czech Republic,Culex modestus,
KM203862.1,2013/08/08,"Czech Republic: South Moravia, Mlynsky fishpond at Lednice",Czech Republic,Culex modestus,
KM203863.1,2013/08/08,"Czech Republic: South Moravia, Mlynsky fishpond at Lednice",Czech Republic,Culex modestus,
HM147824.1,1958,Democratic Republic of the Congo,Democratic Republic of the Congo,,
MT863560.1,2018/09/08,France,France,Buteo buteo,
MT863561.1,2018/10/06,France,France,Accipiter gentilis,
OP810565.1,2021,Germany,Germany,Homo sapiens,cerebrospinal fluid
OP810566.1,2021/07/29,Germany,Germany,Culex pipiens,
OP810567.1,2021/07/29,Germany,Germany,Culex pipiens,
OQ725906.1,2022/07/25,Germany,Germany,Culex pipiens,
OQ725907.1,2022/07/25,Germany,Germany,Culex pipiens,
OQ725908.1,2022/07/25,Germany,Germany,Culex pipiens,
OQ725909.1,2022/08/18,Germany,Germany,Culex pipiens,
OQ326499.1,2021/05/19,Germany,Germany,Trichoglossus moluccanus,blood
OX451204.1,2020/08/26,Germany,Germany,Phoenicopterus chilensis,
OX442271.1,2020/09/01,Germany,Germany,Phoenicopterus chilensis,
OX442272.1,2020/09/02,Germany,Germany,Equus caballus,
OX442273.1,2020/08/01,Germany,Germany,Parus major,
OX442274.1,2020/09/01,Germany,Germany,Phoenicopterus sp.,
OX442275.1,2020/07/12,Germany,Germany,Pyrrhocorax graculus,
OX442276.1,2020/08/01,Germany,Germany,Buteo,
OX442277.1,2020/09/02,Germany,Germany,Bubo scandiacus,
OX442278.1,2020/09/01,Germany,Germany,Serinus canaria,
OX442279.1,2020/07/30,Germany,Germany,Accipiter gentilis,
OX442280.1,2020/08/01,Germany,Germany,Phoenicopterus sp.,
OX442281.1,2020/09/01,Germany,Germany,Passer sp.,
OX442282.1,2020/08/22,Germany,Germany,Phoenicopterus ruber,
OX442283.1,2020/08/01,Germany,Germany,Cyanistes caeruleus,
OX442284.1,2020/07/12,Germany,Germany,Bubo scandiacus,
OX442285.1,2020/08/31,Germany,Germany,Accipiter gentilis,
OX442286.1,2020/08/01,Germany,Germany,Cyanistes caeruleus,
OX442287.1,2020/08/18,Germany,Germany,Phoenicopterus sp.,
OX442288.1,2020,Germany,Germany,Cyanistes caeruleus,
OX442289.1,2020/08/23,Germany,Germany,Accipiter gentilis,
OX442290.1,2020/09/21,Germany,Germany,Lathamus discolor,
OX442291.1,2020/09/02,Germany,Germany,Bubo scandiacus,
OX442292.1,2020/08/01,Germany,Germany,Accipiter gentilis,
OX442293.1,2020/08/25,Germany,Germany,Phoenicopterus chilensis,
OX442294.1,2020/08/14,Germany,Germany,Accipiter gentilis,
OX442295.1,2020/09/01,Germany,Germany,Athene noctua,
OX442296.1,2020/08/01,Germany,Germany,Cyanistes caeruleus,
OX442297.1,2019,Germany,Germany,Mergus squamatus,
OX442298.1,2020/09/01,Germany,Germany,Accipiter gentilis,
OX442299.1,2020/08/11,Germany,Germany,Bombycilla garrulus,
OX442300.1,2020/08/09,Germany,Germany,Accipiter gentilis,
OX442301.1,2020/08/01,Germany,Germany,Garrulus glandarius,
OX442302.1,2020/09/01,Germany,Germany,Accipiter gentilis,
OX442303.1,2020/08/01,Germany,Germany,Cyanistes caeruleus,
OX442304.1,2020/08/15,Germany,Germany,Bubo scandiacus,
OX442305.1,2020/08/01,Germany,Germany,Accipiter gentilis,
OX442306.1,2020/08/08,Germany,Germany,Accipiter gentilis,
OX442307.1,2020/08/13,Germany,Germany,Accipiter gentilis,
OX442308.1,2020/08/19,Germany,Germany,Phoenicopterus sp.,
OX442309.1,2020/08/18,Germany,Germany,Athene noctua,
OX442310.1,2018/09/11,Germany,Germany,Equus caballus,
OX442311.1,2020/08/18,Germany,Germany,Corvus cornix,
OX442312.1,2020/06/13,Germany,Germany,Accipiter gentilis,
OX442313.1,2020/09/29,Germany,Germany,Equus caballus,
OX442347.1,2020/07/07,Germany,Germany,Cyanistes caeruleus,
OX442348.1,2020/09/01,Germany,Germany,Accipiter gentilis,
MZ964751.1,2021/08/01,Germany,Germany,Homo sapiens,blood
MZ964752.1,2021/08/01,Germany,Germany,Homo sapiens,blood
MZ964753.1,2021/08/01,Germany,Germany,Homo sapiens,urine
LR989885.1,2019,Germany,Germany,Larus crassirostris,
LR989888.1,2019,Germany,Germany,Larus crassirostris,
LR989891.1,2019,Germany,Germany,Mergus squamatus,
LR989893.1,2018,Germany,Germany,Bubo scandiacus,
MW142223.1,2020/08/01,Germany,Germany,Homo sapiens,
MW142224.1,2020/08/01,Germany,Germany,Homo sapiens,
MW142225.1,2020/08/01,Germany,Germany,Homo sapiens,
MW142226.1,2020/08/01,Germany,Germany,Homo sapiens,
MW142227.1,2020/08/01,Germany,Germany,Homo sapiens,
LR743421.1,2019/08/30,Germany,Germany,Parus major,
LR743422.1,2019/08/26,Germany,Germany,Accipiter gentilis,
LR743423.1,2019/08/31,Germany,Germany,Accipiter gentilis,
LR743424.1,2019/08/04,Germany,Germany,Bubo scandiacus,
LR743425.1,2019/07/03,Germany,Germany,Bubo scandiacus,
LR743426.1,2019/08/31,Germany,Germany,Bubo scandiacus,
LR743427.1,2019/07/14,Germany,Germany,Accipiter gentilis,
LR743428.1,2019/08/18,Germany,Germany,Bubo scandiacus,
LR743429.1,2018/09/19,Germany,Germany,Strix aluco,
LR743430.1,2019/08/08,Germany,Germany,Cyanistes caeruleus,
LR743431.1,2019/09/04,Germany,Germany,Pluvialis apricaria,
LR743432.1,2019/08/30,Germany,Germany,Phoenicoparrus andinus,
LR743433.1,2018/09/01,Germany,Germany,Accipiter gentilis,
LR743434.1,2018/09/03,Germany,Germany,Strix nebulosa,
LR743435.1,2019/08/20,Germany,Germany,Accipiter gentilis,
LR743436.1,2018/09/10,Germany,Germany,Accipiter gentilis,
LR743437.1,2018/08/31,Germany,Germany,Strix nebulosa,
LR743442.1,2019/08/08,Germany,Germany,Cyanistes caeruleus,
LR743443.1,2018/09/05,Germany,Germany,Bubo scandiacus,
LR743444.1,2019/08/06,Germany,Germany,Strix nebulosa,
LR743445.1,2019/09/03,Germany,Germany,Strix nebulosa,
LR743446.1,2019/08/19,Germany,Germany,Trichoglossus haematodus,
LR743447.1,2019/09/24,Germany,Germany,Culex pipiens,
LR743448.1,2019/09/09,Germany,Germany,Spheniscus humboldti,
LR743449.1,2019/09/04,Germany,Germany,Accipiter gentilis,
LR743450.1,2019/09/09,Germany,Germany,Phoenicopterus chilensis,
LR743451.1,2019/09/04,Germany,Germany,Bubo scandiacus,
LR743452.1,2019/09/04,Germany,Germany,Strix nebulosa,
LR743453.1,2019/08/14,Germany,Germany,Equus ferus,
LR743454.1,2019/09/09,Germany,Germany,Parus major,
LR743455.1,2019/09/17,Germany,Germany,Culex pipiens,
LR743456.1,2019/08/26,Germany,Germany,Passer domesticus,
LR743457.1,2019/09/05,Germany,Germany,Accipiter gentilis,
LR743458.1,2019/09/03,Germany,Germany,Bubo scandiacus,
MN794935.1,2019,Germany,Germany,Homo sapiens,
MN794936.1,2019,Germany,Germany,Homo sapiens,
MN794937.1,2019,Germany,Germany,Turdus merula,
MN794938.1,2019,Germany,Germany,Passer domesticus,
MN794939.1,2019,Germany,Germany,Prunella modularis,
MH910045.1,2018/08/01,Germany,Germany,Homo sapiens,cerebrospinal fluid
MH986055.1,2018,Germany,Germany,Turdus merula,
MH986056.1,2018,Germany,Germany,Turdus merula,
MH924836.1,2018/08/22,Germany,Germany,Strix nebulosa,"spleen, abdominal cavity"
OQ053515.1,2022/08/31,Greece,Greece,Homo sapiens,
OQ053516.1,2022/08/19,Greece,Greece,Homo sapiens,
OQ053517.1,2022/08/16,Greece,Greece,Culex pipiens,
OQ053518.1,2022/07/26,Greece,Greece,Culex pipiens,
OQ053519.1,2022/06/29,Greece,Greece,Culex pipiens,
OQ053520.1,2022/08/31,Greece,Greece,Culex pipiens,
OQ053521.1,2022/09/07,Greece,Greece,Culex pipiens,
OQ053522.1,2022/08/18,Greece,Greece,Culex pipiens,
OQ053523.1,2022/07/13,Greece,Greece,Culex pipiens,
OQ053524.1,2022/07/29,Greece,Greece,Culex pipiens,
OQ053525.1,2022/08/03,Greece,Greece,Culex pipiens,
OQ053526.1,2022/08/18,Greece,Greece,Culex pipiens,
OQ053527.1,2022/08/22,Greece,Greece,Culex pipiens,
OQ053528.1,2022/08/31,Greece,Greece,Culex pipiens,
OQ053529.1,2022/08/29,Greece,Greece,Culex pipiens,
OQ053530.1,2022/08/16,Greece,Greece,Culex pipiens,
OQ053531.1,2022/08/24,Greece,Greece,Culex pipiens,
OQ053532.1,2022/07/11,Greece,Greece,Culex pipiens,
OQ053533.1,2022/08/24,Greece,Greece,Culex pipiens,
OQ053534.1,2022/08/30,Greece,Greece,Culex pipiens,
OQ053535.1,2022/07/27,Greece,Greece,Culex pipiens,
OQ053536.1,2022/08/08,Greece,Greece,Culex pipiens,
OQ053537.1,2022/07/28,Greece,Greece,Culex pipiens,
OQ053538.1,2022/08/10,Greece,Greece,Culex pipiens,
OQ053539.1,2022/07/18,Greece,Greece,Culex pipiens,
OL840871.1,2018/08/01,Greece,Greece,Homo sapiens,
OL840872.1,2018/08/01,Greece,Greece,Homo sapiens,
OL840873.1,2018/09/01,Greece,Greece,Homo sapiens,
OL840874.1,2019/07/01,Greece,Greece,Homo sapiens,
OL840875.1,2019/08/01,Greece,Greece,Homo sapiens,
OL840876.1,2019/08/01,Greece,Greece,Homo sapiens,
OL840877.1,2019/08/01,Greece,Greece,Homo sapiens,
OL840878.1,2019/08/01,Greece,Greece,Homo sapiens,
OL840879.1,2019/08/01,Greece,Greece,Homo sapiens,
OL840880.1,2020/07/01,Greece,Greece,Homo sapiens,
OL840881.1,2020/08/01,Greece,Greece,Homo sapiens,
OL840882.1,2020/09/01,Greece,Greece,Homo sapiens,
OL840883.1,2019/07/01,Greece,Greece,Culex pipiens,
OL840884.1,2019/07/01,Greece,Greece,Culex pipiens,
OL840885.1,2019/08/01,Greece,Greece,Culex pipiens,
OL840886.1,2020/08/01,Greece,Greece,Culex pipiens,
OL840887.1,2020/07/01,Greece,Greece,Culex pipiens,
OL840888.1,2020/07/01,Greece,Greece,Culex pipiens,
OL840889.1,2020/08/01,Greece,Greece,Culex pipiens,
OL840890.1,2020/08/01,Greece,Greece,Culex pipiens,
OL840891.1,2020/08/01,Greece,Greece,Culex pipiens,
OL840892.1,2020/08/01,Greece,Greece,Culex pipiens,
OL840893.1,2020/07/01,Greece,Greece,Culex pipiens,
OL840894.1,2021/08/01,Greece,Greece,Culex pipiens,
OL840895.1,2021/08/01,Greece,Greece,Culex pipiens,
OL840896.1,2021/08/01,Greece,Greece,Culex pipiens,
OL840897.1,2021/08/01,Greece,Greece,Culex pipiens,
OL840898.1,2021/08/01,Greece,Greece,Culex pipiens,
OL840899.1,2021/08/01,Greece,Greece,Culex pipiens,
MT341470.1,2019/07/01,Greece,Greece,Culex,
MT341471.1,2019/07/01,Greece,Greece,Culex,
MK473443.1,2017/07/01,"Greece: Argolida, Peloponnesus",Greece,Pica pica,brain
MN652878.1,2018/07/01,Greece,Greece,Culex,
MN652879.1,2018/07/01,Greece,Greece,Culex,
MN652880.1,2018/08/01,Greece,Greece,Culex,
MN480792.1,2018/08/01,Greece,Greece,Homo sapiens,urine
MN480793.1,2018/08/01,Greece,Greece,Homo sapiens,urine
MN480794.1,2018/09/01,Greece,Greece,Culex,
MN480795.1,2018/08/01,Greece,Greece,Homo sapiens,urine
MN481589.1,2018/07/17,Greece,Greece,Gallus gallus,blood
MN481590.1,2018/07/17,Greece,Greece,Equus caballus,blood
MN481591.1,2018/08/23,Greece,Greece,Canis lupus familiaris,blood
MN481592.1,2012/08/02,Greece,Greece,Culicidae,
MN481593.1,2012/08/22,Greece,Greece,Culicidae,
MN481594.1,2012/09/05,Greece,Greece,Culicidae,
MN481595.1,2010/09/30,Greece,Greece,Columbidae,blood
MN481596.1,2011/07/06,Greece,Greece,Gallus gallus,blood
MN481597.1,2012/08/27,Greece,Greece,Gallus gallus,blood
MH549209.1,2017/07/01,"Greece: Argolida, Peloponnesus",Greece,Pica pica,
KY594040.1,2010,Greece,Greece,Homo sapiens,
KJ883341.1,2013,Greece,Greece,Homo sapiens,urine
KJ883342.1,2013,Greece,Greece,Homo sapiens,urine
KJ883343.1,2013,Greece,Greece,Homo sapiens,urine
KJ883344.1,2013,Greece,Greece,Homo sapiens,urine
KJ883345.1,2013,Greece,Greece,Homo sapiens,urine
KJ883346.1,2013,Greece,Greece,Homo sapiens,urine
KJ883347.1,2013,Greece,Greece,Homo sapiens,urine
KJ883348.1,2013,Greece,Greece,Homo sapiens,urine
KJ883349.1,2013,Greece,Greece,Homo sapiens,urine
KJ883350.1,2013,Greece,Greece,Homo sapiens,urine
KJ577738.1,2013,Greece,Greece,Homo sapiens,urine
KJ577739.1,2013,Greece,Greece,Homo sapiens,urine
KF179639.1,2012/09/01,Greece: Kavala prefecture,Greece,Homo sapiens,urine
HQ537483.1,2010,Greece,Greece,Culex pipiens,
PP212878.1,2023,Hungary: Balkany,Hungary,Homo sapiens,urine
PP212879.1,2023,Hungary: Budapest,Hungary,Homo sapiens,urine
PP212880.1,2023,Hungary: Zakanyszek,Hungary,Homo sapiens,urine
PP212881.1,2023,Hungary: Szeged,Hungary,Homo sapiens,urine
PP212882.1,2023,Hungary: Budapest,Hungary,Homo sapiens,urine
PP212883.1,2023,Hungary: Algyo,Hungary,Homo sapiens,urine
OP179287.1,2021/08/01,Hungary,Hungary,Homo sapiens,urine
OP179288.1,2021/08/01,Hungary,Hungary,Homo sapiens,urine
OK129329.1,2016,Hungary: Enying,Hungary,Homo sapiens,
OK129330.1,2016,Hungary: Kisujszallas,Hungary,Homo sapiens,
OK129331.1,2015,Hungary: Matyasdomb,Hungary,Homo sapiens,
OK129332.1,2015,Hungary: Dunaujvaros,Hungary,Homo sapiens,
OK129333.1,2017,Hungary: Szentmartonkata,Hungary,Homo sapiens,
OK129334.1,2017,Hungary: Tisza,Hungary,Homo sapiens,
OK129335.1,2017,Hungary: Martfu,Hungary,Homo sapiens,
OK129336.1,2017,Hungary: Tahitotfalu,Hungary,Homo sapiens,
OK239658.1,2018,Hungary: Hajduszoboszlo,Hungary,Homo sapiens,
OK239659.1,2018,Hungary: Kecskemet,Hungary,Homo sapiens,
OK239660.1,2018,Hungary: Budapest,Hungary,Homo sapiens,
OK239661.1,2018,Hungary: Oroshaza,Hungary,Homo sapiens,
OK239662.1,2018,Hungary: Kiskunhalas,Hungary,Homo sapiens,urine
OK239663.1,2018,Hungary: Nyiregyhaza,Hungary,Homo sapiens,urine
OK239664.1,2018,Hungary: Dunaujvaros,Hungary,Homo sapiens,
OK239665.1,2018,Hungary: Debrecen,Hungary,Homo sapiens,urine
OK239666.1,2018,Hungary: Bekescsaba,Hungary,Homo sapiens,urine
OK239667.1,2018,Hungary: Kiskunmajsa,Hungary,Homo sapiens,urine
OK239668.1,2018,Hungary: Jaszbereny,Hungary,Homo sapiens,urine
OK239669.1,2017,Hungary: Jaszkiser,Hungary,Homo sapiens,
OK239670.1,2018,Hungary: Hajduszoboszlo,Hungary,Homo sapiens,
OK239671.1,2018,Hungary: Ujtelek,Hungary,Homo sapiens,urine
OK239672.1,2018,Hungary: Tiszaluc,Hungary,Homo sapiens,blood
MZ605382.4,2004,Hungary,Hungary,Accipiter gentilis,
KT359349.1,2014,Hungary,Hungary,Homo sapiens,urine
KC496015.1,2010,Hungary,Hungary,Equus caballus,
DQ116961.1,2004,Hungary,Hungary,Accipiter gentilis,
MN238669.1,2017,Iran,Iran,Culex pipiens,
MN238670.1,2018,Iran,Iran,Culex theileri,
AY688948.1,,Israel,Israel,,
PP625328.1,2022,Italy: Sardinia,Italy,Homo sapiens,oronasopharynx
PP388974.1,2023/10/11,Italy,Italy,Falco peregrinus,"spleen, abdominal cavity"
PP104328.1,2023/07/15,Italy: EmiliaRomagna,Italy,Culex pipiens,
PP104329.1,2023/07/15,Italy: EmiliaRomagna,Italy,Corvidae,
PP104330.1,2023/07/15,Italy: Lombardia,Italy,Culex pipiens,
PP104331.1,2023/07/15,Italy: EmiliaRomagna,Italy,Corvidae,
PP104332.1,2023/07/28,Italy: EmiliaRomagna,Italy,Corvidae,
PP104333.1,2023/08/10,Italy: Lombardia,Italy,Accipiter gentilis,
PP104334.1,2023/08/10,Italy: Lombardia,Italy,Corvus,
PP104335.1,2023/08/11,Italy: EmiliaRomagna,Italy,Corvidae,
PP104336.1,2023/08/17,Italy: Lombardia,Italy,Strigidae,
PP104337.1,2023/08/17,Italy: Lombardia,Italy,Corvidae,
PP104338.1,2023/07/26,Italy: EmiliaRomagna,Italy,Culex pipiens,
PP104339.1,2023/07/28,Italy: EmiliaRomagna,Italy,Culex pipiens,
PP104340.1,2023/07/28,Italy,Italy,Culex pipiens,
PP104341.1,2023/07/28,Italy: Lombardia,Italy,Culex pipiens,
PP104342.1,2023/07/28,Italy: Lombardia,Italy,Culex pipiens,
PP104343.1,2023/07/11,Italy: EmiliaRomagna,Italy,Culex pipiens,
PP104344.1,2023/07/20,Italy: Sardegna,Italy,Corvus,
PP104345.1,2023/07/26,Italy: Piemonte,Italy,Culex pipiens,
PP104346.1,2023/07/26,Italy: Lombardia,Italy,Culex pipiens,
PP104347.1,2023/07/26,Italy: EmiliaRomagna,Italy,Corvidae,
PP104348.1,2023/07/26,Italy: EmiliaRomagna,Italy,Culex pipiens,
PP104349.1,2023/08/11,Italy: EmiliaRomagna,Italy,Culex pipiens,
PP104350.1,2023/08/11,Italy: EmiliaRomagna,Italy,Culex pipiens,
PP104351.1,2023/08/11,Italy: Friuli,Italy,Culex pipiens,
PP104352.1,2023/08/11,Italy: EmiliaRomagna,Italy,Culex pipiens,
PP104353.1,2023/08/17,Italy: Lombardia,Italy,Corvus,
PP104354.1,2023/08/11,Italy: Veneto,Italy,Culex pipiens,
PP104355.1,2023/08/11,Italy: EmiliaRomagna,Italy,Columbidae,
PP104356.1,2023/08/11,Italy: EmiliaRomagna,Italy,Culex pipiens,
PP104357.1,2023/08/11,Italy: EmiliaRomagna,Italy,Culex pipiens,
PP104358.1,2023/08/17,Italy: Lombardia,Italy,Corvus,
PP104359.1,2023/08/11,Italy: EmiliaRomagna,Italy,Culex pipiens,
PP104360.1,2023/08/11,Italy: EmiliaRomagna,Italy,Culex pipiens,
PP104361.1,2023/08/11,Italy: EmiliaRomagna,Italy,Culex pipiens,
PP104362.1,2023/08/09,Italy: EmiliaRomagna,Italy,Culex pipiens,
PP104363.1,2023/08/04,Italy: EmiliaRomagna,Italy,Culex pipiens,
PP104364.1,2023/08/04,Italy: Lombardia,Italy,Culex pipiens,
PP104365.1,2023/08/04,Italy: Lombardia,Italy,Culex pipiens,
PP104366.1,2023/08/09,Italy: EmiliaRomagna,Italy,Culex pipiens,
PP104367.1,2023/08/09,Italy: Piemonte,Italy,Corvus,
PP104368.1,2023/08/09,Italy: EmiliaRomagna,Italy,Culex pipiens,
PP104369.1,2023/08/09,Italy: Veneto,Italy,Culex pipiens,
PP104370.1,2023/08/09,Italy: Piemonte,Italy,Culex pipiens,
PP104371.1,2023/08/09,Italy: EmiliaRomagna,Italy,Culex pipiens,
PP104372.1,2023/08/09,Italy: Piemonte,Italy,Corvidae,
PP104373.1,2023/09/08,Italy: Veneto,Italy,Culex pipiens,
PP104374.1,2023/09/13,Italy: EmiliaRomagna,Italy,Culex pipiens,
PP104375.1,2023/09/08,Italy: Veneto,Italy,Culex pipiens,
PP104376.1,2023/08/28,Italy: EmiliaRomagna,Italy,Culex pipiens,
PP104377.1,2023/09/15,Italy: EmiliaRomagna,Italy,Culex pipiens,
OQ204314.1,2022/10/07,Italy: Tuscany,Italy,Culex pipiens,
OQ204315.1,2022/11/02,Italy: Sicily,Italy,Equus caballus,
OP850024.1,2022/08/04,Italy:Emilia Romagna,Italy,,
OP850025.1,2022/08/24,Italy:Piedmont,Italy,Anopheles maculipennis,
OP850026.1,2022/09/01,Italy:Friuli Venezia Giulia,Italy,Culex pipiens,
OP850027.1,2021/08/10,Italy:Piedmont,Italy,Corvus cornix,
OP850028.1,2021/08/20,Italy:Emilia Romagna,Italy,Pica pica,
OP850029.1,2021/10/24,Italy:Emilia Romagna,Italy,Sylvia atricapilla,
OP734238.1,2022/08/10,Italy: Emilia Romagna,Italy,Pica pica,
OP734239.1,2022/08/10,Italy: Emilia Romagna,Italy,Corvus cornix,
OP734240.1,2022/08/18,Italy: Piemonte,Italy,Culex pipiens,
OP734241.1,2022/08/25,Italy: Piemonte,Italy,Culex pipiens,
OP734242.1,2022/08/31,Italy: Emilia Romagna,Italy,Athene noctua,
OP734243.1,2022/09/02,Italy: Emilia Romagna,Italy,Culex pipiens,
OP734244.1,2022/09/09,Italy: Veneto,Italy,Passer domesticus,
ON813230.1,2021,Italy: Emilia-Romagna region,Italy,Corvus cornix,
ON813231.1,2021,Italy: Emilia-Romagna region,Italy,Pica pica,
ON813232.1,2021,Italy: Sardinia region,Italy,Accipiter gentilis,
ON813233.1,2022,Italy: Piemonte region,Italy,Accipiter gentilis,
ON032488.1,2020/09/07,Italy: Piemonte region,Italy,Corvus cornix,
ON032489.1,2020/09/01,Italy: Piemonte region,Italy,Accipiter gentilis,
ON032490.1,2021/08/19,Italy: Piemonte region,Italy,Accipiter gentilis,
ON032491.1,2021/08/18,Italy: Lombardi region,Italy,Corvus cornix,
ON032492.1,2021/08/26,Italy: Emilia-Romagna region,Italy,Pica pica,
ON032493.1,2021/08/29,Italy: Emilia-Romagna region,Italy,Accipiter gentilis,
ON032494.1,2021/08/10,Italy: Sardegna region,Italy,Accipiter gentilis,
ON032495.1,2021/09/16,Italy: Emilia-Romagna region,Italy,Corvus cornix,
ON032497.1,2021/08/03,Italy: Emilia-Romagna region,Italy,Garrulus glandarius,
ON032498.1,2022/01/25,Italy: Umbria region,Italy,Accipiter gentilis,
OP009516.1,2021,Italy,Italy,Culex pipiens,
OP009517.1,2021,Italy,Italy,Culex pipiens,
MW862073.1,2012,Italy,Italy,Accipiter gentilis,
MW862074.1,2013,Italy,Italy,Accipiter gentilis,
MW862075.1,2015,Italy,Italy,Corvidae,
MW862076.1,2015,Italy,Italy,Corvidae,
MW862077.1,2015,Italy,Italy,Corvidae,
MW862078.1,2015,Italy,Italy,Strigidae,
MW862079.1,2015,Italy,Italy,Culex pipiens,
MW862080.1,2015,Italy,Italy,Accipiter gentilis,
MW862081.1,2015,Italy,Italy,Corvus,
MW862082.1,2015,Italy,Italy,Corvus,
MW862083.1,2015,Italy,Italy,Accipiter gentilis,
MW862084.1,2015,Italy,Italy,Corvidae,
MW862085.1,2015,Italy,Italy,Corvidae,
MW862086.1,2016,Italy,Italy,Accipiter,
MW862087.1,2017,Italy,Italy,Corvidae,
MW862088.1,2017,Italy,Italy,Corvidae,
MW862089.1,2017,Italy,Italy,Corvus,
MW862090.1,2018,Italy,Italy,Apus apus,
MW862091.1,2018,Italy,Italy,Corvidae,
MW862092.1,2018,Italy,Italy,Hirundinidae,
MW862093.1,2018,Italy,Italy,Accipiter gentilis,
MW862094.1,2018,Italy,Italy,Curruca conspicillata,
MW862095.1,2018,Italy,Italy,Corvus cornix,
MW862096.1,2018,Italy,Italy,Accipiter gentilis,
MW862097.1,2018,Italy,Italy,Accipiter gentilis,
MW862098.1,2018,Italy,Italy,Corvus cornix,
MW862099.1,2018,Italy,Italy,Corvus cornix,
MW862100.1,2018,Italy,Italy,Corvus cornix,
MW862101.1,2018,Italy,Italy,Accipiter gentilis,
MW862102.1,2019,Italy,Italy,Corvidae,
MW862103.1,2019,Italy,Italy,Accipiter gentilis,
MW862104.1,2019,Italy,Italy,Strix aluco,
MW862105.1,2019,Italy,Italy,Corvus cornix,
MW862106.1,2019,Italy,Italy,Culex pipiens,
MW862107.1,2019,Italy,Italy,Corvus cornix,
MW862108.1,2020,Italy,Italy,Corvus cornix,
MN939557.1,2018,Italy,Italy,Homo sapiens,
MN939558.1,2016,Italy,Italy,Homo sapiens,
MN939559.1,2016,Italy,Italy,Homo sapiens,
MN939560.1,2016,Italy,Italy,Homo sapiens,
MN939561.1,2018,Italy,Italy,Homo sapiens,
MN939562.1,2018,Italy,Italy,Homo sapiens,
MN939563.1,2018,Italy,Italy,Homo sapiens,
MN939564.1,2016,Italy,Italy,Homo sapiens,
KU573080.1,2013,Italy,Italy,Culex pipiens,
KU573081.1,2013,Italy,Italy,Pica pica,
KU573082.1,2013,Italy,Italy,Corvus,
KU573083.1,2013,Italy,Italy,Culex pipiens,
KT207791.1,2014/07/15,Italy,Italy,Culicidae,
KT207792.1,2014/08/18,Italy,Italy,Culicidae,
KP789953.1,2014,Italy,Italy,Homo sapiens,
KP789954.1,2014,Italy,Italy,Homo sapiens,
KP789955.1,2014,Italy,Italy,Homo sapiens,urine
KP789956.1,2014,Italy,Italy,Homo sapiens,urine
KP789957.1,2014,Italy,Italy,Homo sapiens,
KP789958.1,2014,Italy,Italy,Homo sapiens,
KP789959.1,2014,Italy,Italy,Homo sapiens,
KP789960.1,2013,Italy,Italy,Homo sapiens,urine
KF823805.1,2013/08/01,"Italy: Veneto region, Rovigo",Italy,Homo sapiens,urine
KF823806.1,2013/10/01,"Italy: Lombardia region, Mantova",Italy,Homo sapiens,urine
KF647248.1,2013/08/01,"Italy: Veneto region, Rovigo",Italy,Homo sapiens,blood
KF647249.1,2013/08/01,"Italy: Veneto region, Rovigo",Italy,Homo sapiens,urine
KF647250.1,2013/08/01,"Italy: Veneto region, Rovigo",Italy,Homo sapiens,urine
KF647251.1,2013/08/01,"Italy: Veneto region, Padova",Italy,Homo sapiens,urine
KF647252.1,2013/08/01,"Italy: Veneto region, Rovigo",Italy,Homo sapiens,urine
KF588365.1,2013/08/01,"Italy: Veneto region, Rovigo",Italy,Homo sapiens,urine
JN858070.1,2011/09/01,Italy,Italy,Homo sapiens,urine
MZ190464.1,2018/09/01,Kosovo,Kosovo,Homo sapiens,
MZ190465.1,2018/09/01,Kosovo,Kosovo,Homo sapiens,
MZ190466.1,2018/09/01,Kosovo,Kosovo,Homo sapiens,
MZ190467.1,2018/09/01,Kosovo,Kosovo,Homo sapiens,
KU978767.1,1988/02/12,Madagascar,Madagascar,Culex quinquefasciatus,
HM147823.1,1988,Madagascar,Madagascar,,
DQ176636.2,1978,Madagascar,Madagascar,Coracopsis vasa,
MW383507.1,2020,Namibia,Namibia,Culex univittatus,
MW383508.1,2020,Namibia,Namibia,Culex univittatus,
OP762592.1,2020/09/15,"Netherlands: Province of Utrecht, Haarzuilens",Netherlands,,
OP762593.1,2020/09/15,"Netherlands: Province of Utrecht, Haarzuilens",Netherlands,Culex pipiens,pooled insects
OP762594.1,2020/09/15,"Netherlands: Province of Utrecht, Haarzuilens",Netherlands,,
OP762595.1,2020/09/27,"Netherlands: Province of Utrecht, Haarzuilens",Netherlands,Phylloscopus collybita,
OP762596.1,2020/09/26,"Netherlands: Province of Utrecht, Vleuten",Netherlands,Passer domesticus,
OP762597.1,2020/10/18,"Netherlands: Province of Utrecht, Vleuten",Netherlands,Gallus gallus,
ON755223.1,2020/10/18,Netherlands: Province of Utrecht,Netherlands,Gallus gallus,feces
MZ268007.1,2020/09/01,Netherlands,Netherlands,Culex,
MW036633.1,2020/09/01,Netherlands,Netherlands,Culex,
MW036634.1,2020/08/01,Netherlands,Netherlands,Culex,
OP804520.1,2022/10/01,Poland,Poland,Corvus cornix,
MH939153.1,2014,Romania,Romania,Anopheles hyrcanus,
MH939154.1,2014,Romania,Romania,Culex pipiens sensu lato,
KJ934710.1,2013/08/27,Romania: Enisala,Romania,Hyalomma marginatum marginatum,
OR757498.1,2023,Russia: Rostov,Russia,,blood
OR757499.1,2023,Russia: Krasnodar,Russia,,blood
OR757500.1,2023,Russia: Volgograd,Russia,,
OR757501.1,2023,Russia: Bashkortostan,Russia,,blood
OR757502.1,2023,Russia: Krasnodar,Russia,,blood
OR757503.1,2023,Russia: Krasnodar,Russia,,
OR757504.1,2023,Russia: Volgograd,Russia,Hyalomma scupense,
OR757505.1,2023,Russia: Volgograd,Russia,Hyalomma scupense,
OR757506.1,2023,Russia: Volgograd,Russia,Dermacentor marginatus,
OR757507.1,2023,Russia: Saratov,Russia,Ochlerotatus communis,
OR757508.1,2023,Russia: Kabardino-Balkaria,Russia,Homo sapiens,blood
OR757509.1,2023,Russia: Astrakhan,Russia,Culex pipiens,
OR757510.1,2023,Russia: Chuvashiya,Russia,Homo sapiens,blood
OR757511.1,2023,Russia: Krasnodar,Russia,Homo sapiens,blood
OR757512.1,2023,Russia: Vladikavkaz,Russia,Anopheles maculipennis,
OR159869.1,2022,Russia: Kalmikia,Russia,Culex pipiens,
OR159870.1,2022,Russia: Kalmikia,Russia,Culex pipiens,
OR159871.1,2022,Russia: Karachay-Cherkessia,Russia,Culex modestus,
OR159872.1,2022,Russia: Volgograd,Russia,Culex modestus,
OR159873.1,2022,Russia: Stavropol,Russia,Culex pipiens,
OQ214888.1,2022,Russia: Kalmikia,Russia,Culex pipiens,
OQ214889.1,2022,Russia: Stavropol,Russia,Culex pipiens,
OQ214890.1,2022,Russia: Volgograd,Russia,Culex pipiens,
OQ214891.1,2022,Russia: Volgograd,Russia,Culex pipiens,
OP345085.1,2021,Russia: Voronezh,Russia,Culex pipiens,
OP345086.1,2021,Russia: Volgograd,Russia,Culex pipiens,
OP345087.1,2021,Russia: Volgograd,Russia,Culex pipiens,
OP345088.1,2021,Russia: Volgograd,Russia,Culex pipiens,
OP345089.1,2021,Russia: Volgograd,Russia,Culex pipiens,
OP345090.1,2021,Russia: Volgograd,Russia,Culex pipiens,
OP345091.1,2021,Russia: Volgograd,Russia,Culex pipiens,
OP345092.1,2021,Russia: Volgograd,Russia,Culex pipiens,
OP345093.1,2021,Russia: Volgograd,Russia,Culex pipiens,
OP345094.1,2021,Russia: Volgograd,Russia,Culex pipiens,
OP345095.1,2021,Russia: Volgograd,Russia,Culex modestus,
OP345096.1,2021,Russia: Volgograd,Russia,Culex modestus,
OP345097.1,2021,Russia: Volgograd,Russia,Hyalomma marginatum,
OP345098.1,2021,Russia: Urupinsk,Russia,Anopheles maculipennis,
OP345099.1,2021,Russia: Rostov,Russia,Corvus frugilegus,
OP345100.1,2021,Russia: Dagestan,Russia,Culex pipiens,
OP345101.1,2021,Russia: Astrakhan,Russia,Culex modestus,
OP345102.1,2020,Russia: Volgograd,Russia,Coloeus monedula,
OP345103.1,2020,Russia: Volgograd,Russia,Podiceps cristatus,
OP345104.1,2020,Russia: Rostov,Russia,Corvus frugilegus,
OP345105.1,2020,Russia: Volgograd,Russia,Culex pipiens,
OP345106.1,2020,Russia: Volgograd,Russia,Culex pipiens,
OP345107.1,2019,Russia: Volgograd,Russia,Homo sapiens,
OP345108.1,2019,Russia: Volgograd,Russia,Culex pipiens,
MN812757.1,2018,Russia: Volgograd region,Russia,Culex modestus,
MN812758.1,2018,Russia: Volgograd region,Russia,Culex modestus,
MN812759.1,2018,Russia: Volgograd region,Russia,Homo sapiens,
MN812760.1,2018,Russia: Volgograd region,Russia,Homo sapiens,
MN812761.1,2018,Russia: Volgograd region,Russia,Homo sapiens,
MN812762.1,2018,Russia: Volgograd region,Russia,Homo sapiens,
MN619800.1,2018,Russia: Volgograd region,Russia,Culex modestus,
MN619801.1,2018,Russia: Volgograd region,Russia,Culex pipiens,
MN619802.1,2018,Russia: Volgograd region,Russia,Culex pipiens,
MN619803.1,2018,Russia: Volgograd region,Russia,Culex pipiens,
FJ425721.1,2007,Russia: Volgograd,Russia,Homo sapiens,brain
ON813217.1,2006,Senegal: Thille Boubacar region,Senegal,Culex antennatus,
ON813218.1,2006,Senegal: Thille Boubacar region,Senegal,Culex antennatus,
ON813219.1,2006,Senegal: Barkedji region,Senegal,Aedes vexans,
OP846976.1,1989,Senegal,Senegal,Culex poicilipes,
OP870453.1,1989,Senegal,Senegal,Mansonia uniformis,
OP870454.1,1989,Senegal,Senegal,Culex antennatus,
OP870455.1,1990,Senegal,Senegal,Culex antennatus,
OP870456.1,1989,Senegal,Senegal,Culex neavei,
OP870457.1,1990,Senegal,Senegal,Culex neavei,
OP870458.1,1990,Senegal,Senegal,Culex tritaeniorhynchus,
OP870459.1,1998,Senegal,Senegal,Mansonia uniformis,
OP870460.1,2003,Senegal,Senegal,Culex antennatus,
OP870461.1,2002,Senegal,Senegal,Aedes vexans,
DQ318019.1,1990,Senegal,Senegal,,
PQ053322.1,2022,Serbia,Serbia,Corvus cornix,
PQ053323.1,2018,Serbia,Serbia,Corvus cornix,
PQ053324.1,2018,Serbia,Serbia,Accipiter gentilis,
PQ053325.1,2018,Serbia,Serbia,Accipiter gentilis,
PQ053326.1,2022,Serbia,Serbia,Corvus cornix,
PQ053327.1,2022,Serbia,Serbia,Corvus cornix,
PQ053328.1,2018,Serbia,Serbia,Cuculus canorus,
PQ053329.1,2022,Serbia,Serbia,Rallus aquaticus,
PQ053330.1,2022,Serbia,Serbia,Garrulus glandarius,
PQ053331.1,2023,Serbia,Serbia,Culex pipiens,
MW751834.1,2018/07/12,Serbia: Temerin,Serbia,Culex pipiens,
MW751835.1,2018/08/28,Serbia: Subotica,Serbia,Asio otus,
MW751836.1,2015/08/10,Serbia: Mali Idjos,Serbia,Culex pipiens,
MW751837.1,2018/06/25,Serbia: Curug,Serbia,Falco tinnunculus,
MW751838.1,2018/10/16,Serbia: Belgrade,Serbia,Aves,
MW751839.1,2020/09/15,Serbia: Novi Sad,Serbia,Culex pipiens,
MW751840.1,2020/09/15,Serbia: Novi Sad,Serbia,Culex pipiens,
MW751841.1,2018/07/24,Serbia: Novi Becej,Serbia,Culex pipiens,
MW751842.1,2018/07/12,Serbia: Subotica,Serbia,Culex pipiens,
MW751843.1,2018/07/26,Serbia: Karavukovo,Serbia,Culex pipiens,
MW751844.1,2018/07/12,Serbia: Sombor,Serbia,Culex pipiens,
MW751845.1,2018/07/12,Serbia: Opovo,Serbia,Culex pipiens,
MW751846.1,2018/07/12,Serbia: Subotica,Serbia,Culex pipiens,
KX375812.1,2013,Serbia,Serbia,Homo sapiens,blood
KT757318.1,2013,Serbia,Serbia,Culex pipiens,
KT757319.1,2013,Serbia,Serbia,Culex pipiens,
KT757320.1,2013,Serbia,Serbia,Culex pipiens,
KT757321.1,2013,Serbia,Serbia,Culex pipiens,
KT757322.1,2013,Serbia,Serbia,Culex pipiens,
KT757323.1,2013,Serbia,Serbia,Culex pipiens,
KC496016.1,2010,Serbia,Serbia,Culex pipiens,
KC407673.1,2012,Serbia,Serbia,Accipiter gentilis,
MW561633.1,2018/11/16,Slovakia,Slovakia,Strix nebulosa lapponica,brain
MH244510.1,2014,Slovakia: Velky Biel,Slovakia,Accipiter gentilis,brain
MH244511.1,2013,Slovakia: Velky Biel,Slovakia,Accipiter gentilis,brain
MH244512.1,2013,Slovakia: Velky Biel,Slovakia,Accipiter gentilis,brain
MH244513.1,2013,Slovakia: Secovce,Slovakia,Accipiter nisus,brain
MK947396.1,2018,Slovenia,Slovenia,Culicidae,
MK947397.1,2018/08/23,Slovenia,Slovenia,Homo sapiens,urine
KM052152.1,1977,South Africa,South Africa,Equus caballus,
JN393308.1,2008/04/15,"South Africa: Tiegerpoort, Pretoria",South Africa,Equus caballus,
HM147822.1,1958,South Africa,South Africa,,
EF429197.1,1989,South Africa,South Africa,Homo sapiens,
EF429198.1,2001,South Africa,South Africa,Homo sapiens,
EF429199.1,2000,South Africa,South Africa,Homo sapiens,
EF429200.1,1958,South Africa,South Africa,Homo sapiens,
EU068667.1,2019,South Africa,South Africa,,
OM037670.1,2017/09/01,"Spain: Lerida, Catalonia",Spain,Accipiter gentilis,brain
OM037671.1,2020/09/01,"Spain: Lerida, Catalonia",Spain,Accipiter gentilis,brain
OM037672.1,2020/09/01,"Spain: Tarragona, Catalonia",Spain,Accipiter gentilis,brain
OM037673.1,2020/09/01,"Spain: Tarragona, Catalonia",Spain,Accipiter gentilis,brain
OR091151.1,2022/08/01,Switzerland,Switzerland,Culex pipiens,
OR091152.1,2022/08/01,Switzerland: Ticino,Switzerland,Culex pipiens,
OR091153.1,2022/09/01,Switzerland: Ticino,Switzerland,Culex pipiens,
OR091154.1,2022/09/01,Switzerland: Ticino,Switzerland,Culex pipiens,
OR091155.1,2022/09/01,Switzerland: Ticino,Switzerland,Culex pipiens,
OR091156.1,2022/08/01,Switzerland: Ticino,Switzerland,Culex pipiens,
OR091157.1,2022/10/01,Switzerland: Ticino,Switzerland,Culex pipiens,
OR091158.1,2022/09/01,Switzerland: Ticino,Switzerland,Culex pipiens,
OP345226.2,2018/06/01,Uganda,Uganda,Homo sapiens,blood
KY523178.1,2009/06/01,Uganda: Queen Elizabeth National Park,Uganda,Culex neavei,pooled insects
JX041631.1,1980,Ukraine: Lviv region,Ukraine,Aves,
LC318700.1,2016/05/16,Zambia:Mongu district,Zambia,Culex quinquefasciatus,
